{
    "fish_0": {
        "length": 589.2175605216493
    },
    "fish_1": {
        "length": 540.0402768010458
    }
}