{
    "fish_0": {
        "length": 597.357864736006
    },
    "fish_1": {
        "length": 551.9990887461755
    }
}