{
    "fish__0": {
        "length": 614.4403528854901
    },
    "fish__1": {
        "length": 581.8585689589938
    }
}