{
    "fish_0": {
        "length": 598.1005225790204
    },
    "fish_1": {
        "length": 553.2155096864063
    },
    "fish_2": {
        "length": 552.5253726014354
    }
}