{
    "fish_0": {
        "length": 614.4403528854901
    },
    "fish_1": {
        "length": 581.8585689589938
    }
}