{
    "curve_0": {
        "x": [
            46.0,
            83.26315789473685,
            120.52631578947368,
            157.78947368421052,
            195.05263157894737,
            232.31578947368422,
            269.57894736842104,
            306.8421052631579,
            344.10526315789474,
            381.36842105263156,
            418.63157894736844,
            455.89473684210526,
            493.1578947368421,
            530.421052631579,
            567.6842105263158,
            604.9473684210526,
            642.2105263157895,
            679.4736842105264,
            716.7368421052631,
            754.0
        ],
        "y": [
            304.59757823736504,
            250.8146010612734,
            206.30757069044586,
            170.5251849561348,
            142.9161416895927,
            122.92913872207214,
            110.01287388482552,
            103.61604500910539,
            103.18734992616413,
            108.17548646725419,
            118.02915246362835,
            132.1970457465387,
            150.1278641472379,
            171.27030549697855,
            195.07306762701307,
            220.98484836859356,
            248.45434555297297,
            276.9302570114038,
            305.8612805751383,
            334.69611407542857
        ]
    }
}