{
    "curve_0": {
        "x": [
            52.0,
            82.57894736842105,
            113.15789473684211,
            143.73684210526315,
            174.31578947368422,
            204.89473684210526,
            235.4736842105263,
            266.0526315789474,
            296.63157894736844,
            327.2105263157895,
            357.7894736842105,
            388.36842105263156,
            418.9473684210526,
            449.52631578947364,
            480.10526315789474,
            510.6842105263158,
            541.2631578947369,
            571.8421052631579,
            602.421052631579,
            633.0
        ],
        "y": [
            316.42416921111766,
            311.664097439102,
            308.7466693065002,
            307.35495937240995,
            307.1720421959289,
            307.88099233615475,
            309.16488435218514,
            310.7067928031179,
            312.18979224805054,
            313.29695724608086,
            313.71136235630655,
            313.11608213782523,
            311.1941911497347,
            307.6287639511325,
            302.10287510111647,
            294.29959915878425,
            283.9020106832334,
            270.59318423356183,
            254.05619436886707,
            233.97411564824688
        ]
    },
    "curve_1": {
        "x": [
            32.0,
            59.26315789473684,
            86.52631578947368,
            113.78947368421052,
            141.05263157894737,
            168.31578947368422,
            195.57894736842104,
            222.8421052631579,
            250.10526315789474,
            277.36842105263156,
            304.63157894736844,
            331.89473684210526,
            359.1578947368421,
            386.42105263157896,
            413.6842105263158,
            440.94736842105266,
            468.2105263157895,
            495.4736842105263,
            522.7368421052631,
            550.0
        ],
        "y": [
            195.18655182088585,
            169.0917904584103,
            147.31151673885552,
            129.53840044934563,
            115.46511137700477,
            104.78431930895705,
            97.1886940323266,
            92.37090533423745,
            90.02362300181383,
            89.83951682217986,
            91.51125658245957,
            94.73151206977715,
            99.19295307125668,
            104.58824937402237,
            110.61007076519817,
            116.9510870319083,
            123.30396796127687,
            129.36138334042795,
            134.81600295648587,
            139.3604965965746
        ]
    },
    "curve_2": {
        "x": [
            32.0,
            59.26315789473684,
            86.52631578947368,
            113.78947368421052,
            141.05263157894737,
            168.31578947368422,
            195.57894736842104,
            222.8421052631579,
            250.10526315789474,
            277.36842105263156,
            304.63157894736844,
            331.89473684210526,
            359.1578947368421,
            386.42105263157896,
            413.6842105263158,
            440.94736842105266,
            468.2105263157895,
            495.4736842105263,
            522.7368421052631,
            550.0
        ],
        "y": [
            193.57106887227485,
            168.42070327614152,
            147.30427043257487,
            129.94931924189018,
            116.08339860440284,
            105.43405742042835,
            97.72884459028205,
            92.69530901427936,
            90.06099959273567,
            89.55346522596642,
            90.90025481428694,
            93.8289172580127,
            98.06700145745901,
            103.34205631294138,
            109.38163072477512,
            115.91327359327575,
            122.66453381875861,
            129.3629603015391,
            135.73610194193245,
            141.5115076402543
        ]
    }
}