{
    "curve_0": {
        "x": [
            53.0,
            83.52631578947368,
            114.05263157894737,
            144.57894736842104,
            175.10526315789474,
            205.63157894736844,
            236.1578947368421,
            266.6842105263158,
            297.2105263157895,
            327.7368421052632,
            358.2631578947369,
            388.7894736842105,
            419.3157894736842,
            449.8421052631579,
            480.36842105263156,
            510.89473684210526,
            541.421052631579,
            571.9473684210526,
            602.4736842105264,
            633.0
        ],
        "y": [
            316.6281263014732,
            312.06271625061146,
            309.31910626338384,
            308.0805400001776,
            308.03026112138014,
            308.85151328737857,
            310.2275401585603,
            311.8415853953127,
            313.37689265802294,
            314.5167056070784,
            314.94426790286633,
            314.34282320577404,
            312.3956151761888,
            308.78588747449805,
            303.1968837610889,
            295.31184769634876,
            284.814022940665,
            271.3866531544248,
            254.71298199801538,
            234.47625313182425
        ]
    },
    "curve_1": {
        "x": [
            33.0,
            60.21052631578947,
            87.42105263157895,
            114.63157894736841,
            141.8421052631579,
            169.05263157894737,
            196.26315789473682,
            223.4736842105263,
            250.68421052631578,
            277.89473684210526,
            305.10526315789474,
            332.3157894736842,
            359.52631578947364,
            386.7368421052631,
            413.9473684210526,
            441.1578947368421,
            468.36842105263156,
            495.57894736842104,
            522.7894736842105,
            550.0
        ],
        "y": [
            194.43285806271487,
            168.67867639567334,
            147.15347890263064,
            129.5607300442693,
            115.60389428127175,
            104.98643607432045,
            97.41181988409781,
            92.58351017128635,
            90.20497139656851,
            89.97966802062666,
            91.6110645041434,
            94.80262530780107,
            99.2578148922822,
            104.68009771826912,
            110.77293824644437,
            117.23980093749051,
            123.78415025208982,
            130.10945065092469,
            135.91916659467796,
            140.9167625440316
        ]
    }
}