{
    "curve_0": {
        "x": [
            53.0,
            83.52631578947368,
            114.05263157894737,
            144.57894736842104,
            175.10526315789474,
            205.63157894736844,
            236.1578947368421,
            266.6842105263158,
            297.2105263157895,
            327.7368421052632,
            358.2631578947369,
            388.7894736842105,
            419.3157894736842,
            449.8421052631579,
            480.36842105263156,
            510.89473684210526,
            541.421052631579,
            571.9473684210526,
            602.4736842105264,
            633.0
        ],
        "y": [
            305.34217445349856,
            306.3516154971627,
            307.5758516886496,
            308.89705572510314,
            310.1974003036673,
            311.3590581214859,
            312.2642018757028,
            312.7950042634619,
            312.83363798190726,
            312.2622757281826,
            310.9630901994319,
            308.81825409279907,
            305.7099401054279,
            301.5203209344624,
            296.1315692770464,
            289.4258578303239,
            281.2853592914387,
            271.5922463575347,
            260.22869172575577,
            247.07686809324588
        ]
    },
    "curve_1": {
        "x": [
            33.0,
            60.15789473684211,
            87.31578947368422,
            114.47368421052632,
            141.63157894736844,
            168.78947368421052,
            195.94736842105263,
            223.10526315789474,
            250.26315789473685,
            277.42105263157896,
            304.57894736842104,
            331.7368421052632,
            358.89473684210526,
            386.0526315789474,
            413.2105263157895,
            440.3684210526316,
            467.5263157894737,
            494.6842105263158,
            521.8421052631579,
            549.0
        ],
        "y": [
            182.73721994988773,
            161.76263699762637,
            144.13577522915594,
            129.62605437525957,
            118.00289416672041,
            109.03571433432154,
            102.49393460884609,
            98.14697472107716,
            95.7642544017979,
            95.11519338179143,
            95.96921139184084,
            98.09572816272929,
            101.26416342523984,
            105.24393691015565,
            109.80446834825983,
            114.71517747033556,
            119.74548400716583,
            124.66480768953379,
            129.24256824822265,
            133.2481854140155
        ]
    }
}