{
    "curve_0": {
        "x": [
            46.0,
            83.26315789473685,
            120.52631578947368,
            157.78947368421052,
            195.05263157894737,
            232.31578947368422,
            269.57894736842104,
            306.8421052631579,
            344.10526315789474,
            381.36842105263156,
            418.63157894736844,
            455.89473684210526,
            493.1578947368421,
            530.421052631579,
            567.6842105263158,
            604.9473684210526,
            642.2105263157895,
            679.4736842105264,
            716.7368421052631,
            754.0
        ],
        "y": [
            304.8402686919806,
            250.87003960077544,
            206.24780590424334,
            170.4141088271321,
            142.80948959418984,
            122.87448943016432,
            110.04964955980364,
            103.77551120785563,
            103.49261559906836,
            108.64150395818967,
            118.66271750996759,
            132.9967974791499,
            151.08428509048474,
            172.3657215687201,
            196.2816481386037,
            222.2726060248834,
            249.77913645230763,
            278.2417806456241,
            307.10107982958056,
            335.79757522892487
        ]
    }
}