{
    "contour_0": {
        "x_curve": [
            55.0,
            85.42105263157895,
            115.84210526315789,
            146.26315789473685,
            176.68421052631578,
            207.10526315789474,
            237.5263157894737,
            267.9473684210526,
            298.36842105263156,
            328.7894736842105,
            359.2105263157895,
            389.63157894736844,
            420.0526315789474,
            450.47368421052636,
            480.89473684210526,
            511.3157894736842,
            541.7368421052631,
            572.1578947368421,
            602.578947368421,
            633.0
        ],
        "y_curve": [
            323.2350890317934,
            312.1343386780805,
            305.00813276901,
            301.2605917846627,
            300.29583620511977,
            301.517986510462,
            304.3311631807703,
            308.13948669612574,
            312.3470775366092,
            316.35805618230165,
            319.57654311328395,
            321.40665880963707,
            321.252523751442,
            318.5182584187796,
            312.60798329173093,
            302.9258188503768,
            288.8758855747982,
            269.8623039450762,
            245.2891944412915,
            214.56067754352517
        ]
    },
    "contour_1": {
        "x_curve": [
            33.0,
            60.21052631578947,
            87.42105263157895,
            114.63157894736841,
            141.8421052631579,
            169.05263157894737,
            196.26315789473682,
            223.4736842105263,
            250.68421052631578,
            277.89473684210526,
            305.10526315789474,
            332.3157894736842,
            359.52631578947364,
            386.7368421052631,
            413.9473684210526,
            441.1578947368421,
            468.36842105263156,
            495.57894736842104,
            522.7894736842105,
            550.0
        ],
        "y_curve": [
            212.35545782038724,
            171.71538219516455,
            139.7071569539137,
            115.53045817645827,
            98.3849619426218,
            87.47034433222788,
            81.98628142510009,
            81.13244930106185,
            84.10852403993684,
            90.11418172154868,
            98.34909842572068,
            108.01295023227655,
            118.30541322103977,
            128.42616347183397,
            137.57487706448276,
            144.95123007880974,
            149.75489859463818,
            151.18555869179184,
            148.44288645009425,
            140.72655794936884
        ]
    }
}