{
	"result": {
		"datetime": "2022-05-06 16:25:39.075105",
		"num_fish": 2,
		"avg_fishlength": 564.6289186613476
	}
}